GROUP,PACKAGE,CLASS,INSTRUCTION_MISSED,INSTRUCTION_COVERED,BRANCH_MISSED,BRANCH_COVERED,LINE_MISSED,LINE_COVERED,COMPLEXITY_MISSED,COMPLEXITY_COVERED,METHOD_MISSED,METHOD_COVERED
Inventory Service,com.smartsupplypro.inventory.repository.custom.util,StockMetricsSqlBuilder,0,12,0,0,0,6,0,6,0,6
Inventory Service,com.smartsupplypro.inventory.repository.custom.util,DatabaseDialectDetector,0,32,0,6,0,6,0,7,0,4
Inventory Service,com.smartsupplypro.inventory.repository.custom.util,StockTrendSqlBuilder,2,64,0,8,1,15,1,11,1,7
Inventory Service,com.smartsupplypro.inventory.repository.custom.util,StockDetailSqlBuilder,0,4,0,0,0,2,0,2,0,2
Inventory Service,com.smartsupplypro.inventory.exception.dto,ErrorResponse,0,22,0,0,0,3,0,2,0,2
Inventory Service,com.smartsupplypro.inventory.model,AppUser,3,43,0,0,1,13,1,2,1,2
Inventory Service,com.smartsupplypro.inventory.model,StockHistory,0,7,0,2,0,3,0,2,0,1
Inventory Service,com.smartsupplypro.inventory.model,Role,7,15,0,0,1,3,1,1,1,1
Inventory Service,com.smartsupplypro.inventory.model,InventoryItem,0,59,0,20,0,14,0,11,0,1
Inventory Service,com.smartsupplypro.inventory,InventoryServiceApplication,0,49,0,10,0,13,0,9,0,4
Inventory Service,com.smartsupplypro.inventory.controller,AuthController,0,133,0,6,0,28,0,8,0,5
Inventory Service,com.smartsupplypro.inventory.controller,SupplierController,4,78,1,5,1,14,2,9,1,7
Inventory Service,com.smartsupplypro.inventory.controller,InventoryItemPatchController,0,25,0,0,0,6,0,4,0,4
Inventory Service,com.smartsupplypro.inventory.controller,HealthCheckController,0,189,3,23,0,45,3,17,0,7
Inventory Service,com.smartsupplypro.inventory.controller,StockReasonAnalyticsController,0,9,0,0,0,2,0,1,0,1
Inventory Service,com.smartsupplypro.inventory.controller,EmployeeAnalyticsController,0,32,0,0,0,6,0,2,0,2
Inventory Service,com.smartsupplypro.inventory.controller,StockAnalyticsController,4,78,0,0,1,12,1,6,1,6
Inventory Service,com.smartsupplypro.inventory.controller,StockUpdateAnalyticsController,0,117,0,0,0,15,0,3,0,3
Inventory Service,com.smartsupplypro.inventory.controller,InventoryItemController,0,82,0,0,0,18,0,10,0,10
Inventory Service,com.smartsupplypro.inventory.controller,AnalyticsController,0,44,0,0,0,5,0,2,0,2
Inventory Service,com.smartsupplypro.inventory.controller,AuthController.AppUserProfileDTO,0,15,0,0,0,1,0,1,0,1
Inventory Service,com.smartsupplypro.inventory.controller,RootRedirectController,6,6,0,0,1,3,1,1,1,1
Inventory Service,com.smartsupplypro.inventory.controller,StockHistoryController,0,46,0,6,0,7,0,7,0,4
Inventory Service,com.smartsupplypro.inventory.service.impl.inventory,InventoryItemValidationHelper,8,158,2,28,2,36,2,21,0,8
Inventory Service,com.smartsupplypro.inventory.service.impl.inventory,InventoryItemAuditHelper,0,45,0,2,0,20,0,5,0,4
Inventory Service,com.smartsupplypro.inventory.config,AppProperties.Cors,0,14,0,0,0,4,0,3,0,3
Inventory Service,com.smartsupplypro.inventory.config,SecuritySpelBridgeConfig,0,5,0,0,0,2,0,2,0,2
Inventory Service,com.smartsupplypro.inventory.config,SecurityFilterHelper.new OncePerRequestFilter() {...},0,28,0,6,0,7,0,5,0,2
Inventory Service,com.smartsupplypro.inventory.config,AppProperties.Frontend,3,20,0,0,1,6,1,4,1,4
Inventory Service,com.smartsupplypro.inventory.config,CorsConfig,0,66,0,0,0,18,0,3,0,3
Inventory Service,com.smartsupplypro.inventory.config,SecurityFilterHelper,0,8,0,0,0,2,0,2,0,2
Inventory Service,com.smartsupplypro.inventory.config,OAuth2Config,0,52,0,6,0,14,0,7,0,4
Inventory Service,com.smartsupplypro.inventory.config,SecurityEntryPointHelper,0,101,0,14,0,26,0,15,0,8
Inventory Service,com.smartsupplypro.inventory.config,AppProperties.Cookie,8,15,0,0,2,5,2,3,2,3
Inventory Service,com.smartsupplypro.inventory.config,AppProperties,0,37,0,0,0,10,0,6,0,6
Inventory Service,com.smartsupplypro.inventory.config,SecurityConfig,0,179,0,0,0,37,0,12,0,12
Inventory Service,com.smartsupplypro.inventory.config,SecurityAuthorizationHelper,0,113,0,2,0,11,0,3,0,2
Inventory Service,com.smartsupplypro.inventory.repository.custom,StockMetricsRepositoryImpl,0,68,0,10,0,20,0,10,0,5
Inventory Service,com.smartsupplypro.inventory.repository.custom,StockDetailQueryRepositoryImpl,0,196,0,22,0,38,0,18,0,7
Inventory Service,com.smartsupplypro.inventory.repository.custom,StockTrendAnalyticsRepositoryImpl,1,176,1,13,0,48,1,14,0,8
Inventory Service,com.smartsupplypro.inventory.enums,StockChangeReason,0,93,0,4,0,17,0,4,0,2
Inventory Service,com.smartsupplypro.inventory.exception,ErrorResponses,2,42,1,1,0,13,1,3,0,3
Inventory Service,com.smartsupplypro.inventory.exception,InvalidRequestException,0,9,0,0,0,4,0,2,0,2
Inventory Service,com.smartsupplypro.inventory.exception,BusinessExceptionHandler,0,57,0,10,0,12,0,9,0,4
Inventory Service,com.smartsupplypro.inventory.exception,BusinessRuleViolationException,0,4,0,0,0,2,0,1,0,1
Inventory Service,com.smartsupplypro.inventory.exception,DuplicateResourceException,0,25,0,0,0,10,0,4,0,4
Inventory Service,com.smartsupplypro.inventory.exception,GlobalExceptionHandler,12,183,3,17,1,38,4,25,1,18
Inventory Service,com.smartsupplypro.inventory.service.impl,InventoryItemServiceImpl,0,306,1,19,0,60,1,20,0,11
Inventory Service,com.smartsupplypro.inventory.service.impl,SupplierServiceImpl,0,154,0,2,0,32,0,10,0,9
Inventory Service,com.smartsupplypro.inventory.service.impl,StockHistoryServiceImpl,0,177,0,0,0,52,0,10,0,10
Inventory Service,com.smartsupplypro.inventory.service.impl,AnalyticsServiceImpl,0,52,0,0,0,9,0,9,0,9
Inventory Service,com.smartsupplypro.inventory.mapper,StockHistoryMapper,0,84,0,8,0,29,0,8,0,4
Inventory Service,com.smartsupplypro.inventory.mapper,SupplierMapper,0,75,0,8,0,22,0,8,0,4
Inventory Service,com.smartsupplypro.inventory.mapper,InventoryItemMapper,0,104,1,9,0,33,1,9,0,5
Inventory Service,com.smartsupplypro.inventory.controller.analytics,AnalyticsDashboardHelper,0,57,0,8,0,12,0,6,0,2
Inventory Service,com.smartsupplypro.inventory.controller.analytics,AnalyticsControllerValidationHelper,0,137,0,26,0,31,0,21,0,8
Inventory Service,com.smartsupplypro.inventory.security,OAuth2AuthorizationRequestCookieSerializer.new TypeReference() {...},0,3,0,0,0,1,0,1,0,1
Inventory Service,com.smartsupplypro.inventory.security,LogSanitizer,0,61,0,14,0,9,0,9,0,2
Inventory Service,com.smartsupplypro.inventory.security,DemoIdentityMasking.Pseudonyms,0,165,0,21,0,27,0,18,0,6
Inventory Service,com.smartsupplypro.inventory.security,OAuth2LoginSuccessHandler,2,252,3,35,0,51,3,23,0,7
Inventory Service,com.smartsupplypro.inventory.security,SecurityAuditHelper,1,13,1,3,0,4,1,2,0,1
Inventory Service,com.smartsupplypro.inventory.security,OAuth2AuthorizationRequestCookieSerializer,1,186,3,9,0,43,3,9,0,6
Inventory Service,com.smartsupplypro.inventory.security,CookieOAuth2AuthorizationRequestRepository,0,282,4,32,0,59,4,24,0,10
Inventory Service,com.smartsupplypro.inventory.security,DemoIdentityMasking,0,198,3,37,0,41,3,27,0,10
Inventory Service,com.smartsupplypro.inventory.service,CustomOAuth2UserService,26,123,3,15,5,24,7,11,4,5
Inventory Service,com.smartsupplypro.inventory.service,CustomOidcUserService,26,117,1,15,5,22,5,12,4,5
Inventory Service,com.smartsupplypro.inventory.service,UserProvisioningService,0,101,0,10,0,22,0,10,0,5
Inventory Service,com.smartsupplypro.inventory.service.impl.analytics,FinancialAnalyticsService,2,510,1,49,0,100,1,36,0,12
Inventory Service,com.smartsupplypro.inventory.service.impl.analytics,FinancialAnalyticsService.WacIssue,0,9,0,0,0,1,0,1,0,1
Inventory Service,com.smartsupplypro.inventory.service.impl.analytics,StockValueSeries,0,126,0,8,0,22,0,6,0,2
Inventory Service,com.smartsupplypro.inventory.service.impl.analytics,EmployeeAnalyticsService,0,294,0,23,0,49,0,19,0,7
Inventory Service,com.smartsupplypro.inventory.service.impl.analytics,AnalyticsConverterHelper,0,205,0,42,0,31,0,30,0,9
Inventory Service,com.smartsupplypro.inventory.service.impl.analytics,StockAnalyticsService,0,452,0,26,0,90,0,32,0,19
Inventory Service,com.smartsupplypro.inventory.service.impl.analytics,FinancialAnalyticsService.FinancialBuckets,0,21,0,0,0,7,0,1,0,1
Inventory Service,com.smartsupplypro.inventory.service.impl.analytics,FinancialAnalyticsService.WacState,0,9,0,0,0,1,0,1,0,1
Inventory Service,com.smartsupplypro.inventory.dto,MonthlyStockMovementDTO,0,12,0,0,0,1,0,1,0,1
Inventory Service,com.smartsupplypro.inventory.dto,StockEventRowDTO,0,21,0,0,0,1,0,1,0,1
Inventory Service,com.smartsupplypro.inventory.dto,LowStockItemDTO,0,12,0,0,0,1,0,1,0,1
Inventory Service,com.smartsupplypro.inventory.dto,DashboardSummaryDTO,0,15,0,0,0,1,0,1,0,1
Inventory Service,com.smartsupplypro.inventory.dto,PriceTrendDTO,0,11,0,0,0,4,0,1,0,1
Inventory Service,com.smartsupplypro.inventory.dto,StockHistoryDTO,0,24,0,0,0,1,0,1,0,1
Inventory Service,com.smartsupplypro.inventory.dto,StockUpdateResultDTO,0,21,0,0,0,1,0,1,0,1
Inventory Service,com.smartsupplypro.inventory.dto,StockPerSupplierDTO,0,12,0,0,0,1,0,1,0,1
Inventory Service,com.smartsupplypro.inventory.dto,StockValueOverTimeDTO,0,9,0,0,0,1,0,1,0,1
Inventory Service,com.smartsupplypro.inventory.dto,ItemUpdateFrequencyDTO,0,9,0,0,0,1,0,1,0,1
Inventory Service,com.smartsupplypro.inventory.dto,EmployeeActivityDTO,0,15,0,0,0,1,0,1,0,1
Inventory Service,com.smartsupplypro.inventory.dto,ReasonBreakdownDTO,0,12,0,0,0,1,0,1,0,1
Inventory Service,com.smartsupplypro.inventory.dto,FinancialSummaryDTO,0,48,0,0,0,1,0,1,0,1
Inventory Service,com.smartsupplypro.inventory.validation,InventoryItemValidator,0,92,2,24,0,20,2,15,0,4
Inventory Service,com.smartsupplypro.inventory.validation,SupplierValidator,1,97,2,20,0,21,2,15,0,6
Inventory Service,com.smartsupplypro.inventory.validation,InventoryItemLookupValidator,7,106,2,14,2,21,2,12,0,6
Inventory Service,com.smartsupplypro.inventory.validation,StockHistoryValidator,0,133,2,24,0,20,2,13,0,2
Inventory Service,com.smartsupplypro.inventory.validation,InventoryItemSecurityValidator,3,81,0,18,1,15,1,12,1,3
